<?xml version="1.1" encoding="UTF-8" ?>
<!DOCTYPE sla-profile [

<!ELEMENT sla-profile (description?, sla-threshold*)>
<!ATTLIST sla-profile
    uid CDATA #REQUIRED
    uniqueKey CDATA #REQUIRED>

<!ELEMENT description (#PCDATA)>
	
<!ELEMENT sla-threshold ((threshold-condition )*)>
<!ATTLIST sla-threshold
	uid CDATA #REQUIRED
	percent CDATA #IMPLIED
	identifier CDATA #REQUIRED
	enabled CDATA #REQUIRED
	family CDATA #REQUIRED>

<!ELEMENT threshold-condition (#PCDATA)>
<!ATTLIST threshold-condition
    severity CDATA #REQUIRED
    durationKind CDATA #REQUIRED
    durationNumber CDATA #REQUIRED
    operator CDATA #REQUIRED
    valueMin CDATA #REQUIRED
    valueMax CDATA #REQUIRED>

]>
<sla-profile name="resp SLA profile" uid="05e3834b-c758-42ad-bfd1-c8998673bf79">
<description/>
<sla-threshold enabled="false" family="PER_RUN" identifier="AVERAGE_REQUEST_RESPONSE_TIME" percent="1" uid="71b833ca-9495-4f03-802c-605b6c40f100"/>
<sla-threshold enabled="false" family="PER_RUN" identifier="AVERAGE_PAGE_RESPONSE_TIME" percent="1" uid="779c1558-2a80-48a4-88ec-df12bf7be9c3"/>
<sla-threshold enabled="false" family="PER_RUN" identifier="AVERAGE_CONTAINER_RESPONSE_TIME" percent="1" uid="e6996eec-f7f3-4464-aced-903d1400eb77"/>
<sla-threshold enabled="false" family="PER_RUN" identifier="PERCENTILE_CONTAINER_RESPONSE_TIME" percent="1" uid="f508d1ae-6a7d-426a-ac13-3d64cc58eaa0"/>
<sla-threshold enabled="false" family="PER_RUN" identifier="AVERAGE_HITS_PER_SECOND" percent="1" uid="9dbc7f6f-0bf9-428b-b949-50d4ff435e78"/>
<sla-threshold enabled="false" family="PER_RUN" identifier="AVERAGE_THROUGHPUT_PER_SECOND" percent="1" uid="e66a0e0d-4202-4ecf-b357-0965637ac47d"/>
<sla-threshold enabled="false" family="PER_RUN" identifier="TOTAL_ERRORS" percent="1" uid="835a0a7a-9efc-4d59-aec4-9c9e97d70c7d"/>
<sla-threshold enabled="false" family="PER_RUN" identifier="TOTAL_HITS" percent="1" uid="990a203b-bf68-4206-8911-0daaf93f3a34"/>
<sla-threshold enabled="false" family="PER_RUN" identifier="TOTAL_THROUGHPUT" percent="1" uid="0d8f00e5-4d59-49d2-9099-3ba48d628e66"/>
<sla-threshold enabled="false" family="PER_RUN" identifier="ERROR_PERCENTILE" percent="1" uid="fd93f9d0-ec62-48c6-b3d8-c97f93a57678"/>
<sla-threshold enabled="true" family="PER_TIME_INTERVAL" identifier="AVERAGE_RESPONSE_TIME" percent="1" uid="c92dbfc4-b452-43a1-94bc-e89e90f9bc51">
<threshold-condition durationKind="NB_OF_TIMES" durationNumber="1" operator="GREATER_THAN" severity="HIGH" valueMax="Infinity" valueMin="5.0"/>
</sla-threshold>
<sla-threshold enabled="false" family="PER_TIME_INTERVAL" identifier="AVERAGE_HITS_PER_SECOND" percent="1" uid="6a36ed2c-eea0-4221-8d78-1690013bd1a9"/>
<sla-threshold enabled="false" family="PER_TIME_INTERVAL" identifier="AVERAGE_THROUGHPUT_PER_SECOND" percent="1" uid="f2315132-4529-4888-8a00-95384e31956d"/>
<sla-threshold enabled="false" family="PER_TIME_INTERVAL" identifier="ERRORS_PER_SECOND" percent="1" uid="ca7199d2-6a6d-4099-8c87-d0c694a58715"/>
<sla-threshold enabled="false" family="PER_TIME_INTERVAL" identifier="ERROR_PERCENTILE" percent="1" uid="e78a30fe-9fd5-43db-8db7-a90750f4356d"/>
</sla-profile>
