<lg-host citrixSupport="false" hostname="localhost:7100" loadWeight="1"
    sapSupport="false" standalone="false" supportWANEmulation="true"
    uid="e97f9cf9-0aa9-4589-b624-4bfbf2265eba" version="7.3.0;build=20200324-24">
    <!--****** LG NETWORK INTERFACES ******-->
    <lg-networkiface
        description="Microsoft Wi-Fi Direct Virtual Adapter"
        enabled="false" isLoopBack="false" name="wlan1">
        <!--****** LG ADDRESSES ******-->
        <lg-address enabled="false" hostname="fe80:0:0:0:35:370f:9c8e:b54%wlan1">
            <ip value="fe80:0:0:0:35:370f:9c8e:b54%wlan1"/>
        </lg-address>
        <!--****** END LG ADDRESSES ******-->
    </lg-networkiface>
    <lg-networkiface description="Intel(R) Dual Band Wireless-AC 7265"
        enabled="false" isLoopBack="false" name="wlan0">
        <!--****** LG ADDRESSES ******-->
        <lg-address enabled="false" hostname="192.168.0.8">
            <ip value="192.168.0.8"/>
        </lg-address>
        <lg-address enabled="false" hostname="fe80:0:0:0:5cdd:58ad:8d1e:a7cd%wlan0">
            <ip value="fe80:0:0:0:5cdd:58ad:8d1e:a7cd%wlan0"/>
        </lg-address>
        <!--****** END LG ADDRESSES ******-->
    </lg-networkiface>
    <lg-networkiface description="Software Loopback Interface 1"
        enabled="false" isLoopBack="true" name="lo">
        <!--****** LG ADDRESSES ******-->
        <lg-address enabled="false" hostname="127.0.0.1">
            <ip value="127.0.0.1"/>
        </lg-address>
        <lg-address enabled="false" hostname="0:0:0:0:0:0:0:1">
            <ip value="0:0:0:0:0:0:0:1"/>
        </lg-address>
        <!--****** END LG ADDRESSES ******-->
    </lg-networkiface>
    <lg-networkiface
        description="Bluetooth Device (Personal Area Network)"
        enabled="false" isLoopBack="false" name="eth2">
        <!--****** LG ADDRESSES ******-->
        <lg-address enabled="false" hostname="fe80:0:0:0:8d2a:f037:9dde:4404%eth2">
            <ip value="fe80:0:0:0:8d2a:f037:9dde:4404%eth2"/>
        </lg-address>
        <!--****** END LG ADDRESSES ******-->
    </lg-networkiface>
    <lg-networkiface
        description="Intel(R) Ethernet Connection (3) I218-LM"
        enabled="false" isLoopBack="false" name="eth1">
        <!--****** LG ADDRESSES ******-->
        <lg-address enabled="false" hostname="fe80:0:0:0:6c19:d54b:3990:1bd5%eth1">
            <ip value="fe80:0:0:0:6c19:d54b:3990:1bd5%eth1"/>
        </lg-address>
        <!--****** END LG ADDRESSES ******-->
    </lg-networkiface>
    <lg-networkiface description="TAP-Windows Adapter V9"
        enabled="false" isLoopBack="false" name="eth22">
        <!--****** LG ADDRESSES ******-->
        <lg-address enabled="false" hostname="fe80:0:0:0:59ca:4e8d:8a5f:f84d%eth22">
            <ip value="fe80:0:0:0:59ca:4e8d:8a5f:f84d%eth22"/>
        </lg-address>
        <!--****** END LG ADDRESSES ******-->
    </lg-networkiface>
</lg-host>
